Word,Frequency
our,27521109.0
long,1431.3782181307536
aspire,27521109.0
total,27521109.0
would,27521109.0
viewed,9173703.0
living,13760554.5
away,27521109.0
invested,27521109.0
adam,27521109.0
per,6880277.25
some,114195.47302904565
value,3931.587
earns,27521109.0
put,27521109.0
retirement,27521109.0
declare,27521109.0
by,13760554.5
rba,27521109.0
having,27521109.0
lucky,13760554.5
rely,27521109.0
your,5504221.8
canniest,27521109.0
doubled,27521109.0
deliver,13760554.5
standard,27521109.0
another,1905.7619970916141
making,27521109.0
income,27521109.0
turbo,27521109.0
philanthropic,27521109.0
these,27521109.0
bigger,27521109.0
are,9173703.0
over,44.04927974647076
even,48452.656690140844
compound,802.5518779890353
effortlessly,27521109.0
building,27521109.0
could,27521109.0
blocks,27521109.0
just,27521109.0
this,27521109.0
strategies,27521109.0
to,1720069.3125
cannot,27521109.0
year,13760554.5
many,27521109.0
born,27521109.0
taken,27521109.0
it,6880277.25
nancial,13760554.5
so,27521109.0
in,4586851.5
keep,13760554.5
keeps,27521109.0
adviser,2272.2183784676354
mr,27521109.0
of,1965793.5
but,27521109.0
growing,27521109.0
ability,27521109.0
then,50.59241291451661
took,27521109.0
warren,13760554.5
babyand,27521109.0
next,156.0985389039511
his,27521109.0
ever,202.6979318573512
we,13760554.5
full,27521109.0
low,27521109.0
almost,27521109.0
brilliant,13760554.5
money,27521109.0
deposit,6880277.25
compounds,27521109.0
is,5504221.8
october,27521109.0
grows,27521109.0
charges,27521109.0
target,27521109.0
a,2501919.0
albert,27521109.0
and,6880277.25
at,6880277.25
thereafter,27521109.0
australia,27521109.0
its,27521109.0
worth,27521109.0
wonder,13760554.5
future,27521109.0
following,27521109.0
as,6880277.25
on,4586851.5
combination,27521109.0
continues,27521109.0
using,27521109.0
investors,13760554.5
compounded,302429.76923076925
come,43.80570438071226
compounding,6880277.25
rates,27521109.0
times,27521109.0
sum,27521109.0
payments,27521109.0
savings,5504221.8
pattern,27521109.0
will,27521109.0
has,13760554.5
interest,2501919.0
rate,27521109.0
collect,27521109.0
advise,27521109.0
without,27521109.0
from,27521109.0
works,27521109.0
qualities,27521109.0
time,9173703.0
adding,27521109.0
cent,6880277.25
bank,27521109.0
for,27521109.0
enough,9173703.0
while,27521109.0
explained,27521109.0
quadruple,27521109.0
reserve,27521109.0
withdrawals,27521109.0
that,4586851.5
world,27521109.0
an,27521109.0
merge,6419.666200139958
if,13760554.5
help,27521109.0
after,96.70849116938062
theory,27521109.0
the,1100844.36
deposits,13760554.5
than,9173703.0
my,27521109.0
right,13760554.5
added,4900.482371794872
eighth,27521109.0
one,27521109.0
with,4586851.5
prove,27521109.0
be,13760554.5
may,27521109.0
greater,13760554.5
half,27521109.0
initial,196579.35
buy,27521109.0
regular,27521109.0
ahead,27521109.0
attract,27521109.0
unlikely,27521109.0
more,21.83331270676155
types,27521109.0
birth,27521109.0
previously,27521109.0
induced,109210.75
account,27521109.0
plus,27521109.0
speak,27521109.0
multiples,27521109.0
have,13760554.5
virjvierv,27521109.0
earned,27521109.0
multiply,8035.360291970803
wonderful,27521109.0
such,27521109.0
week,27521109.0
nor,27521109.0
genes,27521109.0
wealth,9173703.0
other,506.1632641800927
hold,27521109.0
you,5504221.8
intact,27521109.0
can,13760554.5
all,27521109.0
capturing,1146712.875
putting,27521109.0
original,9173703.0
us,13760554.5
